k,pid,req,sess,sev,site,tid,ts,user,v,v__ALLUSERSPROFILE,v__APPDATA,v__ARBORPATH,v__COMPUTERNAME,v__ComSpec,v__CommonProgramFiles,v__CommonProgramFiles(x86),v__CommonProgramW6432,v__ESSBASEPATH,v__FIREBIRD_LOCK,v__FIREBIRD_TMP,v__FP_NO_HOST_CHECK,v__HOMEDRIVE,v__HOMEPATH,v__LOCALAPPDATA,v__LOGONSERVER,v__NUMBER_OF_PROCESSORS,v__OS,v__PATHEXT,v__PROCESSOR_ARCHITECTURE,v__PROCESSOR_IDENTIFIER,v__PROCESSOR_LEVEL,v__PROCESSOR_REVISION,v__PSModulePath,v__PUBLIC,v__Path,v__ProgramData,v__ProgramFiles,v__ProgramFiles(x86),v__ProgramW6432,v__SBT_HOME,v__SESSIONNAME,v__SystemDrive,v__SystemRoot,v__TEMP,v__TMP,v__UOIPME_REG_PATH,v__USERDOMAIN,v__USERNAME,v__USERPROFILE,v__VBOX_MSI_INSTALL_PATH,v__args,v__attr__:driver-bitness,v__attr__class,v__attr__dbname,v__attr__name,v__attr__password,v__attr__port,v__attr__server,v__attr__sslmode,v__attr__username,v__calendar,v__collation,v__column,v__commit,v__country,v__country-en,v__cwd,v__description,v__domain,v__file-version,v__filename,v__free,v__hostname,v__index,v__language,v__language-en,v__lcid,v__load-percent,v__long-date,v__long-date-format,v__name,v__os,v__path,v__process-id,v__product-name,v__product-version,v__protocol,v__registry__adapter,v__registry__bios,v__registry__chip-type,v__registry__driver-date,v__registry__driver-desc,v__registry__driver-version,v__registry__video-memory-size,v__reserve,v__samples,v__short-date,v__short-date-format,v__short-date-year,v__sort,v__start-time,v__tableau-version,v__time-format,v__windir,v__windows_tracing_flags,v__windows_tracing_logfile
open-log,10028,-,-,info,-,17a8,2015-04-01T14:42:44.916,-,,,,,,,,,,,,,,,,,,,,,,,,,,,,,,,,,,,,,,,,,,,,,,,,,,,,,,,,,,,,,,,,,,,,,,,,,,,C:\Users\Miles\Documents\My Tableau Repository\Logs\log_1.txt,,,,,,,,,,,,,,,,,,,,,,,
startup-info,10028,-,-,info,-,17a8,2015-04-01T14:42:44.916,-,,,,,,,,,,,,,,,,,,,,,,,,,,,,,,,,,,,,,,,,,,,,,,,,,,,,,,,,,,,C:\Program Files\Tableau\Tableau 8.3,,,,,,Miles-PC,,,,,,,,,Microsoft Windows 7 Professional Service Pack 1 (build 7601),,10028 (0x272c),,,,,,,,,,,,,,,,,2015-04-01T12:42:44.916,"8300.15.0308.1149,x64",,,,
memory-usage,10028,-,-,info,-,17a8,2015-04-01T14:42:44.922,-,,,,,,,,,,,,,,,,,,,,,,,,,,,,,,,,,,,,,,,,,,,,,,,,,,,,,,,,276750336,,,,,,,,8795765297152,,,,,,87,,,,,,,,,,,,,,,,,50909184,,,,,,,,,,,
environment,10028,-,-,info,-,17a8,2015-04-01T14:42:44.922,-,,C:\ProgramData,C:\Users\Miles\AppData\Roaming,C:\Program Files\Tableau\Tableau 8.3\,MILES-PC,C:\Windows\system32\cmd.exe,C:\Program Files\Common Files,C:\Program Files (x86)\Common Files,C:\Program Files\Common Files,C:\Program Files\Tableau\Tableau 8.3\,C:\Users\Miles\AppData\Local\Temp\TableauTemp\firebird\F22359ED940C4B63B49E4E118BDBCBD5,C:\Users\Miles\AppData\Local\Temp\TableauTemp\firebird\F22359ED940C4B63B49E4E118BDBCBD5,NO,C:,\Users\Miles,C:\Users\Miles\AppData\Local,\\MILES-PC,4,Windows_NT,.COM;.EXE;.BAT;.CMD;.VBS;.VBE;.JS;.JSE;.WSF;.WSH;.MSC,AMD64,"Intel64 Family 6 Model 69 Stepping 1, GenuineIntel",6,4501,C:\Windows\system32\WindowsPowerShell\v1.0\Modules\,C:\Users\Public,C:\Python27\;C:\Python27\Scripts;C:\Program Files (x86)\Intel\iCLS Client\;C:\Program Files\Intel\iCLS Client\;C:\Windows\system32;C:\Windows;C:\Windows\System32\Wbem;C:\Windows\System32\WindowsPowerShell\v1.0\;C:\Program Files\Intel\Intel(R) Management Engine Components\DAL;C:\Program Files\Intel\Intel(R) Management Engine Components\IPT;C:\Program Files (x86)\Intel\Intel(R) Management Engine Components\DAL;C:\Program Files (x86)\Intel\Intel(R) Management Engine Components\IPT;C:\Program Files\Intel\WiFi\bin\;C:\Program Files\Common Files\Intel\WirelessCommon\;C:\HashiCorp\Vagrant\bin;C:\Program Files (x86)\scala\bin;C:\Program Files (x86)\sbt\\bin;C:\Program Files\TortoiseSVN\bin;C:\Python27\;C:\Python27\Scripts;C:\Program Files (x86)\Intel\iCLS Client\;C:\Program Files\Intel\iCLS Client\;C:\Windows\system32;C:\Windows;C:\Windows\System32\Wbem;C:\Windows\System32\WindowsPowerShell\v1.0\;C:\Program Files\Intel\Intel(R) Management Engine Components\DAL;C:\Program Files\Intel\Intel(R) Management Engine Components\IPT;C:\Program Files (x86)\Intel\Intel(R) Management Engine Components\DAL;C:\Program Files (x86)\Intel\Intel(R) Management Engine Components\IPT;C:\Program Files\Intel\WiFi\bin\;C:\Program Files\Common Files\Intel\WirelessCommon\;C:\HashiCorp\Vagrant\bin;C:\Program Files (x86)\scala\bin;C:\Program Files (x86)\sbt\\bin;C:\Ruby22-x64\bin;c:\dev\bin;C:\Program Files\Java\jdk1.7.0\bin,C:\ProgramData,C:\Program Files,C:\Program Files (x86),C:\Program Files,C:\Program Files (x86)\sbt\,Console,C:,C:\Windows,C:\Users\Miles\AppData\Local\Temp,C:\Users\Miles\AppData\Local\Temp,C:\Program Files\Intel Corporation\USB over IP,Miles-PC,Miles,C:\Users\Miles,C:\Program Files\Oracle\VirtualBox\,,,,,,,,,,,,,,,,,,,,,,,,,,,,,,,,,,,,,,,,,,,,,,,,,,,,,,C:\Windows,3,C:\BVTBin\Tests\installpackage\csilogfile.log
display-device,10028,-,-,info,-,17a8,2015-04-01T14:42:44.923,-,,,,,,,,,,,,,,,,,,,,,,,,,,,,,,,,,,,,,,,,,,,,,,,,,,,,,,,,,,,,,,,,,,0,,,,,,,Intel(R) HD Graphics Family,,,,,,,Intel(R) HD Graphics 4400,,Intel(R) HD Graphics Family,1-29-2014,Intel(R) HD Graphics Family,10.18.10.3412,0x0 (0),,,,,,,,,,,,
dll-version-info,10028,-,-,info,-,17a8,2015-04-01T14:42:44.923,-,,,,,,,,,,,,,,,,,,,,,,,,,,,,,,,,,,,,,,,,,,,,,,,,,,,,,,,,,,,,,,8300.15.0308.1149,C:\Program Files\Tableau\Tableau 8.3\bin\tableau.exe,,,,,,,,,,,,,,Tableau 8.3,8300.15.0308.1149,,,,,,,,,,,,,,,,,,,,
dll-version-info,10028,-,-,info,-,17a8,2015-04-01T14:42:44.923,-,,,,,,,,,,,,,,,,,,,,,,,,,,,,,,,,,,,,,,,,,,,,,,,,,,,,,,,,,,,,,,6.1.7600.16385 (win7_rtm.090713-1255),C:\Windows\SYSTEM32\ntdll.dll,,,,,,,,,,,,,,Microsoft® Windows® operációs rendszer,6.1.7600.16385,,,,,,,,,,,,,,,,,,,,
dll-version-info,10028,-,-,info,-,17a8,2015-04-01T14:42:44.924,-,,,,,,,,,,,,,,,,,,,,,,,,,,,,,,,,,,,,,,,,,,,,,,,,,,,,,,,,,,,,,,6.1.7601.18015 (win7sp1_gdr.121129-1432),C:\Windows\system32\kernel32.dll,,,,,,,,,,,,,,Microsoft® Windows® operációs rendszer,6.1.7601.18015,,,,,,,,,,,,,,,,,,,,
dll-version-info,10028,-,-,info,-,17a8,2015-04-01T14:42:44.924,-,,,,,,,,,,,,,,,,,,,,,,,,,,,,,,,,,,,,,,,,,,,,,,,,,,,,,,,,,,,,,,6.1.7601.18015 (win7sp1_gdr.121129-1432),C:\Windows\system32\KERNELBASE.dll,,,,,,,,,,,,,,Microsoft® Windows® operációs rendszer,6.1.7601.18015,,,,,,,,,,,,,,,,,,,,
dll-version-info,10028,-,-,info,-,17a8,2015-04-01T14:42:44.924,-,,,,,,,,,,,,,,,,,,,,,,,,,,,,,,,,,,,,,,,,,,,,,,,,,,,,,,,,,,,,,,8300.15.0308.1149,C:\Program Files\Tableau\Tableau 8.3\bin\tabcore.dll,,,,,,,,,,,,,,Tableau 8.3,8300.15.0308.1149,,,,,,,,,,,,,,,,,,,,
dll-version-info,10028,-,-,info,-,17a8,2015-04-01T14:42:44.924,-,,,,,,,,,,,,,,,,,,,,,,,,,,,,,,,,,,,,,,,,,,,,,,,,,,,,,,,,,,,,,,,C:\Program Files\Tableau\Tableau 8.3\bin\metrics2.dll,,,,,,,,,,,,,,,,,,,,,,,,,,,,,,,,,,,
dll-version-info,10028,-,-,info,-,17a8,2015-04-01T14:42:44.924,-,,,,,,,,,,,,,,,,,,,,,,,,,,,,,,,,,,,,,,,,,,,,,,,,,,,,,,,,,,,,,,"4, 2, 0, 0",C:\Program Files\Tableau\Tableau 8.3\bin\tbb.dll,,,,,,,,,,,,,,Intel(R) Threading Building Blocks for Windows,"4, 2, 0, 0",,,,,,,,,,,,,,,,,,,,
dll-version-info,10028,-,-,info,-,17a8,2015-04-01T14:42:44.924,-,,,,,,,,,,,,,,,,,,,,,,,,,,,,,,,,,,,,,,,,,,,,,,,,,,,,,,,,,,,,,,10.00.40219.325,C:\Program Files\Tableau\Tableau 8.3\bin\MSVCP100.dll,,,,,,,,,,,,,,Microsoft® Visual Studio® 2010,10.00.40219.325,,,,,,,,,,,,,,,,,,,,
dll-version-info,10028,-,-,info,-,17a8,2015-04-01T14:42:44.924,-,,,,,,,,,,,,,,,,,,,,,,,,,,,,,,,,,,,,,,,,,,,,,,,,,,,,,,,,,,,,,,10.00.40219.325,C:\Program Files\Tableau\Tableau 8.3\bin\MSVCR100.dll,,,,,,,,,,,,,,Microsoft® Visual Studio® 2010,10.00.40219.325,,,,,,,,,,,,,,,,,,,,
dll-version-info,10028,-,-,info,-,17a8,2015-04-01T14:42:44.924,-,,,,,,,,,,,,,,,,,,,,,,,,,,,,,,,,,,,,,,,,,,,,,,,,,,,,,,,,,,,,,,,C:\Program Files\Tableau\Tableau 8.3\bin\boost_system-vc100-mt-1_55.dll,,,,,,,,,,,,,,,,,,,,,,,,,,,,,,,,,,,
dll-version-info,10028,-,-,info,-,17a8,2015-04-01T14:42:44.924,-,,,,,,,,,,,,,,,,,,,,,,,,,,,,,,,,,,,,,,,,,,,,,,,,,,,,,,,,,,,,,,,C:\Program Files\Tableau\Tableau 8.3\bin\boost_thread-vc100-mt-1_55.dll,,,,,,,,,,,,,,,,,,,,,,,,,,,,,,,,,,,
dll-version-info,10028,-,-,info,-,17a8,2015-04-01T14:42:44.924,-,,,,,,,,,,,,,,,,,,,,,,,,,,,,,,,,,,,,,,,,,,,,,,,,,,,,,,,,,,,,,,,C:\Program Files\Tableau\Tableau 8.3\bin\boost_chrono-vc100-mt-1_55.dll,,,,,,,,,,,,,,,,,,,,,,,,,,,,,,,,,,,
dll-version-info,10028,-,-,info,-,17a8,2015-04-01T14:42:44.924,-,,,,,,,,,,,,,,,,,,,,,,,,,,,,,,,,,,,,,,,,,,,,,,,,,,,,,,,,,,,,,,7.39.0,C:\Program Files\Tableau\Tableau 8.3\bin\libcurl.dll,,,,,,,,,,,,,,The cURL library,7.39.0,,,,,,,,,,,,,,,,,,,,
dll-version-info,10028,-,-,info,-,17a8,2015-04-01T14:42:44.924,-,,,,,,,,,,,,,,,,,,,,,,,,,,,,,,,,,,,,,,,,,,,,,,,,,,,,,,,,,,,,,,6.1.7600.16385 (win7_rtm.090713-1255),C:\Windows\system32\WS2_32.dll,,,,,,,,,,,,,,Microsoft® Windows® operációs rendszer,6.1.7600.16385,,,,,,,,,,,,,,,,,,,,
dll-version-info,10028,-,-,info,-,17a8,2015-04-01T14:42:44.924,-,,,,,,,,,,,,,,,,,,,,,,,,,,,,,,,,,,,,,,,,,,,,,,,,,,,,,,,,,,,,,,7.0.7601.17744 (win7sp1_gdr.111215-1535),C:\Windows\system32\msvcrt.dll,,,,,,,,,,,,,,Microsoft® Windows® Operating System,7.0.7601.17744,,,,,,,,,,,,,,,,,,,,
dll-version-info,10028,-,-,info,-,17a8,2015-04-01T14:42:44.924,-,,,,,,,,,,,,,,,,,,,,,,,,,,,,,,,,,,,,,,,,,,,,,,,,,,,,,,,,,,,,,,6.1.7600.16385 (win7_rtm.090713-1255),C:\Windows\system32\RPCRT4.dll,,,,,,,,,,,,,,Microsoft® Windows® operációs rendszer,6.1.7600.16385,,,,,,,,,,,,,,,,,,,,
dll-version-info,10028,-,-,info,-,17a8,2015-04-01T14:42:44.925,-,,,,,,,,,,,,,,,,,,,,,,,,,,,,,,,,,,,,,,,,,,,,,,,,,,,,,,,,,,,,,,6.1.7600.16385 (win7_rtm.090713-1255),C:\Windows\system32\NSI.dll,,,,,,,,,,,,,,Microsoft® Windows® Operating System,6.1.7600.16385,,,,,,,,,,,,,,,,,,,,
dll-version-info,10028,-,-,info,-,17a8,2015-04-01T14:42:44.925,-,,,,,,,,,,,,,,,,,,,,,,,,,,,,,,,,,,,,,,,,,,,,,,,,,,,,,,,,,,,,,,6.1.7600.16385 (win7_rtm.090713-1255),C:\Windows\system32\WLDAP32.dll,,,,,,,,,,,,,,Microsoft® Windows® operációs rendszer,6.1.7600.16385,,,,,,,,,,,,,,,,,,,,
dll-version-info,10028,-,-,info,-,17a8,2015-04-01T14:42:44.925,-,,,,,,,,,,,,,,,,,,,,,,,,,,,,,,,,,,,,,,,,,,,,,,,,,,,,,,,,,,,,,,6.1.7600.16385 (win7_rtm.090713-1255),C:\Windows\system32\Normaliz.dll,,,,,,,,,,,,,,Microsoft® Windows® Operating System,6.1.7600.16385,,,,,,,,,,,,,,,,,,,,
dll-version-info,10028,-,-,info,-,17a8,2015-04-01T14:42:44.925,-,,,,,,,,,,,,,,,,,,,,,,,,,,,,,,,,,,,,,,,,,,,,,,,,,,,,,,,,,,,,,,1.0.1k,C:\Program Files\Tableau\Tableau 8.3\bin\TABLIBEAY32.dll,,,,,,,,,,,,,,The OpenSSL Toolkit,1.0.1k,,,,,,,,,,,,,,,,,,,,
dll-version-info,10028,-,-,info,-,17a8,2015-04-01T14:42:44.925,-,,,,,,,,,,,,,,,,,,,,,,,,,,,,,,,,,,,,,,,,,,,,,,,,,,,,,,,,,,,,,,6.1.7601.18577 (win7sp1_gdr.140822-1508),C:\Windows\system32\GDI32.dll,,,,,,,,,,,,,,Microsoft® Windows® Operating System,6.1.7601.18577,,,,,,,,,,,,,,,,,,,,
dll-version-info,10028,-,-,info,-,17a8,2015-04-01T14:42:44.925,-,,,,,,,,,,,,,,,,,,,,,,,,,,,,,,,,,,,,,,,,,,,,,,,,,,,,,,,,,,,,,,6.1.7601.17514 (win7sp1_rtm.101119-1850),C:\Windows\system32\USER32.dll,,,,,,,,,,,,,,Microsoft® Windows® operációs rendszer,6.1.7601.17514,,,,,,,,,,,,,,,,,,,,
dll-version-info,10028,-,-,info,-,17a8,2015-04-01T14:42:44.925,-,,,,,,,,,,,,,,,,,,,,,,,,,,,,,,,,,,,,,,,,,,,,,,,,,,,,,,,,,,,,,,6.1.7601.18768 (win7sp1_gdr.150219-1512),C:\Windows\system32\LPK.dll,,,,,,,,,,,,,,Microsoft® Windows® Operating System,6.1.7601.18768,,,,,,,,,,,,,,,,,,,,
dll-version-info,10028,-,-,info,-,17a8,2015-04-01T14:42:44.925,-,,,,,,,,,,,,,,,,,,,,,,,,,,,,,,,,,,,,,,,,,,,,,,,,,,,,,,,,,,,,,,1.0626.7601.18454 (win7sp1_gdr.140424-1533),C:\Windows\system32\USP10.dll,,,,,,,,,,,,,,Microsoft(R) Uniscribe Unicode script processor,1.0626.7601.18454,,,,,,,,,,,,,,,,,,,,
dll-version-info,10028,-,-,info,-,17a8,2015-04-01T14:42:44.925,-,,,,,,,,,,,,,,,,,,,,,,,,,,,,,,,,,,,,,,,,,,,,,,,,,,,,,,,,,,,,,,6.1.7600.16385 (win7_rtm.090713-1255),C:\Windows\system32\ADVAPI32.dll,,,,,,,,,,,,,,Microsoft® Windows® operációs rendszer,6.1.7600.16385,,,,,,,,,,,,,,,,,,,,
dll-version-info,10028,-,-,info,-,17a8,2015-04-01T14:42:44.925,-,,,,,,,,,,,,,,,,,,,,,,,,,,,,,,,,,,,,,,,,,,,,,,,,,,,,,,,,,,,,,,6.1.7600.16385 (win7_rtm.090713-1255),C:\Windows\SYSTEM32\sechost.dll,,,,,,,,,,,,,,Microsoft® Windows® Operating System,6.1.7600.16385,,,,,,,,,,,,,,,,,,,,
dll-version-info,10028,-,-,info,-,17a8,2015-04-01T14:42:44.925,-,,,,,,,,,,,,,,,,,,,,,,,,,,,,,,,,,,,,,,,,,,,,,,,,,,,,,,,,,,,,,,1.0.1k,C:\Program Files\Tableau\Tableau 8.3\bin\TABSSLEAY32.dll,,,,,,,,,,,,,,The OpenSSL Toolkit,1.0.1k,,,,,,,,,,,,,,,,,,,,
dll-version-info,10028,-,-,info,-,17a8,2015-04-01T14:42:44.926,-,,,,,,,,,,,,,,,,,,,,,,,,,,,,,,,,,,,,,,,,,,,,,,,,,,,,,,,,,,,,,,"4, 4, 0, 0",C:\Program Files\Tableau\Tableau 8.3\bin\icuin44.dll,,,,,,,,,,,,,,International Components for Unicode,"4, 4, 0, 0",,,,,,,,,,,,,,,,,,,,
dll-version-info,10028,-,-,info,-,17a8,2015-04-01T14:42:44.926,-,,,,,,,,,,,,,,,,,,,,,,,,,,,,,,,,,,,,,,,,,,,,,,,,,,,,,,,,,,,,,,"4, 4, 0, 0",C:\Program Files\Tableau\Tableau 8.3\bin\icuuc44.dll,,,,,,,,,,,,,,International Components for Unicode,"4, 4, 0, 0",,,,,,,,,,,,,,,,,,,,
dll-version-info,10028,-,-,info,-,17a8,2015-04-01T14:42:44.926,-,,,,,,,,,,,,,,,,,,,,,,,,,,,,,,,,,,,,,,,,,,,,,,,,,,,,,,,,,,,,,,"4, 4, 0, 0",C:\Program Files\Tableau\Tableau 8.3\bin\icudt44.dll,,,,,,,,,,,,,,International Components for Unicode,"4, 4, 0, 0",,,,,,,,,,,,,,,,,,,,
dll-version-info,10028,-,-,info,-,17a8,2015-04-01T14:42:44.926,-,,,,,,,,,,,,,,,,,,,,,,,,,,,,,,,,,,,,,,,,,,,,,,,,,,,,,,,,,,,,,,5.2.1.0,C:\Program Files\Tableau\Tableau 8.3\bin\Qt5Core.dll,,,,,,,,,,,,,,Qt5,5.2.1.0,,,,,,,,,,,,,,,,,,,,
dll-version-info,10028,-,-,info,-,17a8,2015-04-01T14:42:44.926,-,,,,,,,,,,,,,,,,,,,,,,,,,,,,,,,,,,,,,,,,,,,,,,,,,,,,,,,,,,,,,,6.1.7600.16385 (win7_rtm.090713-1255),C:\Windows\system32\ole32.dll,,,,,,,,,,,,,,Microsoft® Windows® operációs rendszer,6.1.7600.16385,,,,,,,,,,,,,,,,,,,,
dll-version-info,10028,-,-,info,-,17a8,2015-04-01T14:42:44.926,-,,,,,,,,,,,,,,,,,,,,,,,,,,,,,,,,,,,,,,,,,,,,,,,,,,,,,,,,,,,,,,5.2.1.0,C:\Program Files\Tableau\Tableau 8.3\bin\Qt5Network.dll,,,,,,,,,,,,,,Qt5,5.2.1.0,,,,,,,,,,,,,,,,,,,,
dll-version-info,10028,-,-,info,-,17a8,2015-04-01T14:42:44.926,-,,,,,,,,,,,,,,,,,,,,,,,,,,,,,,,,,,,,,,,,,,,,,,,,,,,,,,,,,,,,,,6.1.7600.16385 (win7_rtm.090713-1255),C:\Windows\system32\DNSAPI.dll,,,,,,,,,,,,,,Microsoft® Windows® operációs rendszer,6.1.7600.16385,,,,,,,,,,,,,,,,,,,,
dll-version-info,10028,-,-,info,-,17a8,2015-04-01T14:42:44.926,-,,,,,,,,,,,,,,,,,,,,,,,,,,,,,,,,,,,,,,,,,,,,,,,,,,,,,,,,,,,,,,6.1.7601.18741 (win7sp1_gdr.150202-1526),C:\Windows\system32\CRYPT32.dll,,,,,,,,,,,,,,Microsoft® Windows® operációs rendszer,6.1.7601.18741,,,,,,,,,,,,,,,,,,,,
dll-version-info,10028,-,-,info,-,17a8,2015-04-01T14:42:44.926,-,,,,,,,,,,,,,,,,,,,,,,,,,,,,,,,,,,,,,,,,,,,,,,,,,,,,,,,,,,,,,,6.1.7601.17514 (win7sp1_rtm.101119-1850),C:\Windows\system32\MSASN1.dll,,,,,,,,,,,,,,Microsoft® Windows® Operating System,6.1.7601.17514,,,,,,,,,,,,,,,,,,,,
dll-version-info,10028,-,-,info,-,17a8,2015-04-01T14:42:44.926,-,,,,,,,,,,,,,,,,,,,,,,,,,,,,,,,,,,,,,,,,,,,,,,,,,,,,,,,,,,,,,,6.1.7600.16385 (win7_rtm.090713-1255),C:\Windows\system32\PSAPI.DLL,,,,,,,,,,,,,,Microsoft® Windows® Operating System,6.1.7600.16385,,,,,,,,,,,,,,,,,,,,
dll-version-info,10028,-,-,info,-,17a8,2015-04-01T14:42:44.926,-,,,,,,,,,,,,,,,,,,,,,,,,,,,,,,,,,,,,,,,,,,,,,,,,,,,,,,,,,,,,,,6.1.7600.16385 (win7_rtm.090713-1255),C:\Windows\system32\VERSION.dll,,,,,,,,,,,,,,Microsoft® Windows® Operating System,6.1.7600.16385,,,,,,,,,,,,,,,,,,,,
dll-version-info,10028,-,-,info,-,17a8,2015-04-01T14:42:44.926,-,,,,,,,,,,,,,,,,,,,,,,,,,,,,,,,,,,,,,,,,,,,,,,,,,,,,,,,,,,,,,,6.1.7601.18779 (win7sp1_gdr.150305-1615),C:\Windows\system32\Secur32.dll,,,,,,,,,,,,,,Microsoft® Windows® Operating System,6.1.7601.18779,,,,,,,,,,,,,,,,,,,,
dll-version-info,10028,-,-,info,-,17a8,2015-04-01T14:42:44.927,-,,,,,,,,,,,,,,,,,,,,,,,,,,,,,,,,,,,,,,,,,,,,,,,,,,,,,,,,,,,,,,6.1.7601.18779 (win7sp1_gdr.150305-1615),C:\Windows\system32\SSPICLI.DLL,,,,,,,,,,,,,,Microsoft® Windows® Operating System,6.1.7601.18779,,,,,,,,,,,,,,,,,,,,
dll-version-info,10028,-,-,info,-,17a8,2015-04-01T14:42:44.927,-,,,,,,,,,,,,,,,,,,,,,,,,,,,,,,,,,,,,,,,,,,,,,,,,,,,,,,,,,,,,,,6.1.7601.17514 (win7sp1_rtm.101119-1850),C:\Windows\system32\SHELL32.dll,,,,,,,,,,,,,,Microsoft® Windows® operációs rendszer,6.1.7601.17514,,,,,,,,,,,,,,,,,,,,
dll-version-info,10028,-,-,info,-,17a8,2015-04-01T14:42:44.927,-,,,,,,,,,,,,,,,,,,,,,,,,,,,,,,,,,,,,,,,,,,,,,,,,,,,,,,,,,,,,,,6.1.7600.16385 (win7_rtm.090713-1255),C:\Windows\system32\SHLWAPI.dll,,,,,,,,,,,,,,Microsoft® Windows® operációs rendszer,6.1.7600.16385,,,,,,,,,,,,,,,,,,,,
dll-version-info,10028,-,-,info,-,17a8,2015-04-01T14:42:44.927,-,,,,,,,,,,,,,,,,,,,,,,,,,,,,,,,,,,,,,,,,,,,,,,,,,,,,,,,,,,,,,,6.1.7601.18679,C:\Windows\system32\OLEAUT32.dll,,,,,,,,,,,,,,,6.1.7601.18679,,,,,,,,,,,,,,,,,,,,
dll-version-info,10028,-,-,info,-,17a8,2015-04-01T14:42:44.927,-,,,,,,,,,,,,,,,,,,,,,,,,,,,,,,,,,,,,,,,,,,,,,,,,,,,,,,,,,,,,,,10.00.30319.01,C:\Program Files\Tableau\Tableau 8.3\bin\mfc100u.dll,,,,,,,,,,,,,,Microsoft® Visual Studio® 10,10.00.30319.01,,,,,,,,,,,,,,,,,,,,
dll-version-info,10028,-,-,info,-,17a8,2015-04-01T14:42:44.927,-,,,,,,,,,,,,,,,,,,,,,,,,,,,,,,,,,,,,,,,,,,,,,,,,,,,,,,,,,,,,,,6.10 (win7_rtm.090713-1255),C:\Windows\WinSxS\amd64_microsoft.windows.common-controls_6595b64144ccf1df_6.0.7601.17514_none_fa396087175ac9ac\COMCTL32.dll,,,,,,,,,,,,,,Microsoft® Windows® operációs rendszer,6.1.7600.16385,,,,,,,,,,,,,,,,,,,,
dll-version-info,10028,-,-,info,-,17a8,2015-04-01T14:42:44.927,-,,,,,,,,,,,,,,,,,,,,,,,,,,,,,,,,,,,,,,,,,,,,,,,,,,,,,,,,,,,,,,6.1.7600.16385 (win7_rtm.090713-1255),C:\Windows\system32\MSIMG32.dll,,,,,,,,,,,,,,Microsoft® Windows® Operating System,6.1.7600.16385,,,,,,,,,,,,,,,,,,,,
dll-version-info,10028,-,-,info,-,17a8,2015-04-01T14:42:44.927,-,,,,,,,,,,,,,,,,,,,,,,,,,,,,,,,,,,,,,,,,,,,,,,,,,,,,,,,,,,,,,,6.1.7601.17514 (win7sp1_rtm.101119-1850),C:\Windows\system32\dbghelp.dll,,,,,,,,,,,,,,Microsoft® Windows® Operating System,6.1.7601.17514,,,,,,,,,,,,,,,,,,,,
dll-version-info,10028,-,-,info,-,17a8,2015-04-01T14:42:44.927,-,,,,,,,,,,,,,,,,,,,,,,,,,,,,,,,,,,,,,,,,,,,,,,,,,,,,,,,,,,,,,,6.1.7601.18741 (win7sp1_gdr.150202-1526),C:\Windows\system32\WINTRUST.dll,,,,,,,,,,,,,,Microsoft® Windows® Operating System,6.1.7601.18741,,,,,,,,,,,,,,,,,,,,
dll-version-info,10028,-,-,info,-,17a8,2015-04-01T14:42:44.927,-,,,,,,,,,,,,,,,,,,,,,,,,,,,,,,,,,,,,,,,,,,,,,,,,,,,,,,,,,,,,,,8300.15.0308.1149,C:\Program Files\Tableau\Tableau 8.3\bin\tabui.dll,,,,,,,,,,,,,,Tableau 8.3,8300.15.0308.1149,,,,,,,,,,,,,,,,,,,,
dll-version-info,10028,-,-,info,-,17a8,2015-04-01T14:42:44.927,-,,,,,,,,,,,,,,,,,,,,,,,,,,,,,,,,,,,,,,,,,,,,,,,,,,,,,,,,,,,,,,5.2.1.0,C:\Program Files\Tableau\Tableau 8.3\bin\Qt5Gui.dll,,,,,,,,,,,,,,Qt5,5.2.1.0,,,,,,,,,,,,,,,,,,,,
dll-version-info,10028,-,-,info,-,17a8,2015-04-01T14:42:44.928,-,,,,,,,,,,,,,,,,,,,,,,,,,,,,,,,,,,,,,,,,,,,,,,,,,,,,,,,,,,,,,,6.1.7600.16385 (win7_rtm.090713-1255),C:\Windows\system32\OPENGL32.dll,,,,,,,,,,,,,,Microsoft® Windows® Operating System,6.1.7600.16385,,,,,,,,,,,,,,,,,,,,
dll-version-info,10028,-,-,info,-,17a8,2015-04-01T14:42:44.928,-,,,,,,,,,,,,,,,,,,,,,,,,,,,,,,,,,,,,,,,,,,,,,,,,,,,,,,,,,,,,,,6.1.7600.16385 (win7_rtm.090713-1255),C:\Windows\system32\GLU32.dll,,,,,,,,,,,,,,Microsoft® Windows® operációs rendszer,6.1.7600.16385,,,,,,,,,,,,,,,,,,,,
dll-version-info,10028,-,-,info,-,17a8,2015-04-01T14:42:44.928,-,,,,,,,,,,,,,,,,,,,,,,,,,,,,,,,,,,,,,,,,,,,,,,,,,,,,,,,,,,,,,,6.1.7600.16385 (win7_rtm.090713-1255),C:\Windows\system32\DDRAW.dll,,,,,,,,,,,,,,Microsoft® Windows® operációs rendszer,6.1.7600.16385,,,,,,,,,,,,,,,,,,,,
dll-version-info,10028,-,-,info,-,17a8,2015-04-01T14:42:44.928,-,,,,,,,,,,,,,,,,,,,,,,,,,,,,,,,,,,,,,,,,,,,,,,,,,,,,,,,,,,,,,,6.1.7601.18768 (win7sp1_gdr.150219-1512),C:\Windows\system32\DCIMAN32.dll,,,,,,,,,,,,,,Microsoft® Windows® Operating System,6.1.7601.18768,,,,,,,,,,,,,,,,,,,,
dll-version-info,10028,-,-,info,-,17a8,2015-04-01T14:42:44.928,-,,,,,,,,,,,,,,,,,,,,,,,,,,,,,,,,,,,,,,,,,,,,,,,,,,,,,,,,,,,,,,6.1.7600.16385 (win7_rtm.090713-1255),C:\Windows\system32\SETUPAPI.dll,,,,,,,,,,,,,,Microsoft® Windows® operációs rendszer,6.1.7600.16385,,,,,,,,,,,,,,,,,,,,
dll-version-info,10028,-,-,info,-,17a8,2015-04-01T14:42:44.928,-,,,,,,,,,,,,,,,,,,,,,,,,,,,,,,,,,,,,,,,,,,,,,,,,,,,,,,,,,,,,,,6.1.7601.17514 (win7sp1_rtm.101119-1850),C:\Windows\system32\CFGMGR32.dll,,,,,,,,,,,,,,Microsoft® Windows® Operating System,6.1.7601.17514,,,,,,,,,,,,,,,,,,,,
dll-version-info,10028,-,-,info,-,17a8,2015-04-01T14:42:44.928,-,,,,,,,,,,,,,,,,,,,,,,,,,,,,,,,,,,,,,,,,,,,,,,,,,,,,,,,,,,,,,,6.1.7600.16385 (win7_rtm.090713-1255),C:\Windows\system32\DEVOBJ.dll,,,,,,,,,,,,,,Microsoft® Windows® Operating System,6.1.7600.16385,,,,,,,,,,,,,,,,,,,,
dll-version-info,10028,-,-,info,-,17a8,2015-04-01T14:42:44.928,-,,,,,,,,,,,,,,,,,,,,,,,,,,,,,,,,,,,,,,,,,,,,,,,,,,,,,,,,,,,,,,6.1.7600.16385 (win7_rtm.090713-1255),C:\Windows\system32\dwmapi.dll,,,,,,,,,,,,,,Microsoft® Windows® operációs rendszer,6.1.7600.16385,,,,,,,,,,,,,,,,,,,,
dll-version-info,10028,-,-,info,-,17a8,2015-04-01T14:42:44.928,-,,,,,,,,,,,,,,,,,,,,,,,,,,,,,,,,,,,,,,,,,,,,,,,,,,,,,,,,,,,,,,5.2.1.0,C:\Program Files\Tableau\Tableau 8.3\bin\Qt5Widgets.dll,,,,,,,,,,,,,,Qt5,5.2.1.0,,,,,,,,,,,,,,,,,,,,
dll-version-info,10028,-,-,info,-,17a8,2015-04-01T14:42:44.928,-,,,,,,,,,,,,,,,,,,,,,,,,,,,,,,,,,,,,,,,,,,,,,,,,,,,,,,,,,,,,,,5.2.1.0,C:\Program Files\Tableau\Tableau 8.3\bin\Qt5PrintSupport.dll,,,,,,,,,,,,,,Qt5,5.2.1.0,,,,,,,,,,,,,,,,,,,,
dll-version-info,10028,-,-,info,-,17a8,2015-04-01T14:42:44.928,-,,,,,,,,,,,,,,,,,,,,,,,,,,,,,,,,,,,,,,,,,,,,,,,,,,,,,,,,,,,,,,6.1.7600.16385 (win7_rtm.090713-1255),C:\Windows\system32\WINSPOOL.DRV,,,,,,,,,,,,,,Microsoft® Windows® operációs rendszer,6.1.7600.16385,,,,,,,,,,,,,,,,,,,,
dll-version-info,10028,-,-,info,-,17a8,2015-04-01T14:42:44.928,-,,,,,,,,,,,,,,,,,,,,,,,,,,,,,,,,,,,,,,,,,,,,,,,,,,,,,,,,,,,,,,6.1.7600.16385 (win7_rtm.090713-1255),C:\Windows\system32\COMDLG32.dll,,,,,,,,,,,,,,Microsoft® Windows® operációs rendszer,6.1.7600.16385,,,,,,,,,,,,,,,,,,,,
dll-version-info,10028,-,-,info,-,17a8,2015-04-01T14:42:44.928,-,,,,,,,,,,,,,,,,,,,,,,,,,,,,,,,,,,,,,,,,,,,,,,,,,,,,,,,,,,,,,,5.2.1.0,C:\Program Files\Tableau\Tableau 8.3\bin\Qt5WebKit.dll,,,,,,,,,,,,,,Qt5,5.2.1.0,,,,,,,,,,,,,,,,,,,,
dll-version-info,10028,-,-,info,-,17a8,2015-04-01T14:42:44.929,-,,,,,,,,,,,,,,,,,,,,,,,,,,,,,,,,,,,,,,,,,,,,,,,,,,,,,,,,,,,,,,6.1.7600.16385 (win7_rtm.090713-1255),C:\Windows\system32\WINMM.dll,,,,,,,,,,,,,,Microsoft® Windows® operációs rendszer,6.1.7600.16385,,,,,,,,,,,,,,,,,,,,
dll-version-info,10028,-,-,info,-,17a8,2015-04-01T14:42:44.929,-,,,,,,,,,,,,,,,,,,,,,,,,,,,,,,,,,,,,,,,,,,,,,,,,,,,,,,,,,,,,,,5.2.1.0,C:\Program Files\Tableau\Tableau 8.3\bin\Qt5Multimedia.dll,,,,,,,,,,,,,,Qt5,5.2.1.0,,,,,,,,,,,,,,,,,,,,
dll-version-info,10028,-,-,info,-,17a8,2015-04-01T14:42:44.929,-,,,,,,,,,,,,,,,,,,,,,,,,,,,,,,,,,,,,,,,,,,,,,,,,,,,,,,,,,,,,,,5.2.1.0,C:\Program Files\Tableau\Tableau 8.3\bin\Qt5Positioning.dll,,,,,,,,,,,,,,Qt5,5.2.1.0,,,,,,,,,,,,,,,,,,,,
dll-version-info,10028,-,-,info,-,17a8,2015-04-01T14:42:44.929,-,,,,,,,,,,,,,,,,,,,,,,,,,,,,,,,,,,,,,,,,,,,,,,,,,,,,,,,,,,,,,,5.2.1.0,C:\Program Files\Tableau\Tableau 8.3\bin\Qt5Sensors.dll,,,,,,,,,,,,,,Qt5,5.2.1.0,,,,,,,,,,,,,,,,,,,,
dll-version-info,10028,-,-,info,-,17a8,2015-04-01T14:42:44.929,-,,,,,,,,,,,,,,,,,,,,,,,,,,,,,,,,,,,,,,,,,,,,,,,,,,,,,,,,,,,,,,5.2.1.0,C:\Program Files\Tableau\Tableau 8.3\bin\Qt5WebKitWidgets.dll,,,,,,,,,,,,,,Qt5,5.2.1.0,,,,,,,,,,,,,,,,,,,,
dll-version-info,10028,-,-,info,-,17a8,2015-04-01T14:42:44.929,-,,,,,,,,,,,,,,,,,,,,,,,,,,,,,,,,,,,,,,,,,,,,,,,,,,,,,,,,,,,,,,5.2.1.0,C:\Program Files\Tableau\Tableau 8.3\bin\Qt5MultimediaWidgets.dll,,,,,,,,,,,,,,Qt5,5.2.1.0,,,,,,,,,,,,,,,,,,,,
dll-version-info,10028,-,-,info,-,17a8,2015-04-01T14:42:44.929,-,,,,,,,,,,,,,,,,,,,,,,,,,,,,,,,,,,,,,,,,,,,,,,,,,,,,,,,,,,,,,,5.2.1.0,C:\Program Files\Tableau\Tableau 8.3\bin\Qt5OpenGL.dll,,,,,,,,,,,,,,Qt5,5.2.1.0,,,,,,,,,,,,,,,,,,,,
dll-version-info,10028,-,-,info,-,17a8,2015-04-01T14:42:44.929,-,,,,,,,,,,,,,,,,,,,,,,,,,,,,,,,,,,,,,,,,,,,,,,,,,,,,,,,,,,,,,,5.2.1.0,C:\Program Files\Tableau\Tableau 8.3\bin\Qt5WinExtras.dll,,,,,,,,,,,,,,Qt5,5.2.1.0,,,,,,,,,,,,,,,,,,,,
dll-version-info,10028,-,-,info,-,17a8,2015-04-01T14:42:44.929,-,,,,,,,,,,,,,,,,,,,,,,,,,,,,,,,,,,,,,,,,,,,,,,,,,,,,,,,,,,,,,,,C:\Program Files\Tableau\Tableau 8.3\bin\qscintilla2.dll,,,,,,,,,,,,,,,,,,,,,,,,,,,,,,,,,,,
dll-version-info,10028,-,-,info,-,17a8,2015-04-01T14:42:44.929,-,,,,,,,,,,,,,,,,,,,,,,,,,,,,,,,,,,,,,,,,,,,,,,,,,,,,,,,,,,,,,,8300.15.0308.1149,C:\Program Files\Tableau\Tableau 8.3\bin\tabdata.dll,,,,,,,,,,,,,,Tableau 8.3,8300.15.0308.1149,,,,,,,,,,,,,,,,,,,,
dll-version-info,10028,-,-,info,-,17a8,2015-04-01T14:42:44.929,-,,,,,,,,,,,,,,,,,,,,,,,,,,,,,,,,,,,,,,,,,,,,,,,,,,,,,,,,,,,,,,,C:\Program Files\Tableau\Tableau 8.3\bin\boost_date_time-vc100-mt-1_55.dll,,,,,,,,,,,,,,,,,,,,,,,,,,,,,,,,,,,
dll-version-info,10028,-,-,info,-,17a8,2015-04-01T14:42:44.929,-,,,,,,,,,,,,,,,,,,,,,,,,,,,,,,,,,,,,,,,,,,,,,,,,,,,,,,,,,,,,,,6.1.7601.17514 (win7sp1_rtm.101119-1850),C:\Windows\system32\MSWSOCK.dll,,,,,,,,,,,,,,Microsoft® Windows® operációs rendszer,6.1.7601.17514,,,,,,,,,,,,,,,,,,,,
dll-version-info,10028,-,-,info,-,17a8,2015-04-01T14:42:44.929,-,,,,,,,,,,,,,,,,,,,,,,,,,,,,,,,,,,,,,,,,,,,,,,,,,,,,,,,,,,,,,,8300.15.0308.1149,C:\Program Files\Tableau\Tableau 8.3\bin\tabvizql.dll,,,,,,,,,,,,,,Tableau 8.3,8300.15.0308.1149,,,,,,,,,,,,,,,,,,,,
dll-version-info,10028,-,-,info,-,17a8,2015-04-01T14:42:44.929,-,,,,,,,,,,,,,,,,,,,,,,,,,,,,,,,,,,,,,,,,,,,,,,,,,,,,,,,,,,,,,,,C:\Program Files\Tableau\Tableau 8.3\bin\libhyphenate.dll,,,,,,,,,,,,,,,,,,,,,,,,,,,,,,,,,,,
dll-version-info,10028,-,-,info,-,17a8,2015-04-01T14:42:44.929,-,,,,,,,,,,,,,,,,,,,,,,,,,,,,,,,,,,,,,,,,,,,,,,,,,,,,,,,,,,,,,,6.1.7601.18455 (win7sp1_gdr.140425-1537),C:\Windows\WinSxS\amd64_microsoft.windows.gdiplus_6595b64144ccf1df_1.1.7601.18455_none_2b283fd671e9bf4d\gdiplus.dll,,,,,,,,,,,,,,Microsoft® Windows® Operating System,6.1.7601.18455,,,,,,,,,,,,,,,,,,,,
dll-version-info,10028,-,-,info,-,17a8,2015-04-01T14:42:44.930,-,,,,,,,,,,,,,,,,,,,,,,,,,,,,,,,,,,,,,,,,,,,,,,,,,,,,,,,,,,,,,,11.00.9600.16428 (winblue_gdr.131013-1700),C:\Windows\system32\WININET.dll,,,,,,,,,,,,,,Internet Explorer,11.00.9600.16428,,,,,,,,,,,,,,,,,,,,
dll-version-info,10028,-,-,info,-,17a8,2015-04-01T14:42:44.930,-,,,,,,,,,,,,,,,,,,,,,,,,,,,,,,,,,,,,,,,,,,,,,,,,,,,,,,,,,,,,,,6.2.9200.16492 (win8_gdr_oobssr.130113-0015),C:\Windows\system32\api-ms-win-downlevel-user32-l1-1-0.dll,,,,,,,,,,,,,,Microsoft® Windows® Operating System,6.2.9200.16492,,,,,,,,,,,,,,,,,,,,
dll-version-info,10028,-,-,info,-,17a8,2015-04-01T14:42:44.930,-,,,,,,,,,,,,,,,,,,,,,,,,,,,,,,,,,,,,,,,,,,,,,,,,,,,,,,,,,,,,,,6.2.9200.16492 (win8_gdr_oobssr.130113-0015),C:\Windows\system32\api-ms-win-downlevel-shlwapi-l1-1-0.dll,,,,,,,,,,,,,,Microsoft® Windows® Operating System,6.2.9200.16492,,,,,,,,,,,,,,,,,,,,
dll-version-info,10028,-,-,info,-,17a8,2015-04-01T14:42:44.930,-,,,,,,,,,,,,,,,,,,,,,,,,,,,,,,,,,,,,,,,,,,,,,,,,,,,,,,,,,,,,,,6.2.9200.16492 (win8_gdr_oobssr.130113-0015),C:\Windows\system32\api-ms-win-downlevel-version-l1-1-0.dll,,,,,,,,,,,,,,Microsoft® Windows® Operating System,6.2.9200.16492,,,,,,,,,,,,,,,,,,,,
dll-version-info,10028,-,-,info,-,17a8,2015-04-01T14:42:44.930,-,,,,,,,,,,,,,,,,,,,,,,,,,,,,,,,,,,,,,,,,,,,,,,,,,,,,,,,,,,,,,,6.2.9200.16492 (win8_gdr_oobssr.130113-0015),C:\Windows\system32\api-ms-win-downlevel-normaliz-l1-1-0.dll,,,,,,,,,,,,,,Microsoft® Windows® Operating System,6.2.9200.16492,,,,,,,,,,,,,,,,,,,,
dll-version-info,10028,-,-,info,-,17a8,2015-04-01T14:42:44.930,-,,,,,,,,,,,,,,,,,,,,,,,,,,,,,,,,,,,,,,,,,,,,,,,,,,,,,,,,,,,,,,11.00.9600.17689 (winblue_r8.150219-1500),C:\Windows\system32\iertutil.dll,,,,,,,,,,,,,,Internet Explorer,11.00.9600.17689,,,,,,,,,,,,,,,,,,,,
dll-version-info,10028,-,-,info,-,17a8,2015-04-01T14:42:44.930,-,,,,,,,,,,,,,,,,,,,,,,,,,,,,,,,,,,,,,,,,,,,,,,,,,,,,,,,,,,,,,,6.2.9200.16492 (win8_gdr_oobssr.130113-0015),C:\Windows\system32\api-ms-win-downlevel-advapi32-l1-1-0.dll,,,,,,,,,,,,,,Microsoft® Windows® Operating System,6.2.9200.16492,,,,,,,,,,,,,,,,,,,,
dll-version-info,10028,-,-,info,-,17a8,2015-04-01T14:42:44.930,-,,,,,,,,,,,,,,,,,,,,,,,,,,,,,,,,,,,,,,,,,,,,,,,,,,,,,,,,,,,,,,6.1.7600.16385 (win7_rtm.090713-1255),C:\Windows\system32\USERENV.dll,,,,,,,,,,,,,,Microsoft® Windows® operációs rendszer,6.1.7600.16385,,,,,,,,,,,,,,,,,,,,
dll-version-info,10028,-,-,info,-,17a8,2015-04-01T14:42:44.930,-,,,,,,,,,,,,,,,,,,,,,,,,,,,,,,,,,,,,,,,,,,,,,,,,,,,,,,,,,,,,,,6.1.7600.16385 (win7_rtm.090713-1255),C:\Windows\system32\profapi.dll,,,,,,,,,,,,,,Microsoft® Windows® Operating System,6.1.7600.16385,,,,,,,,,,,,,,,,,,,,
dll-version-info,10028,-,-,info,-,17a8,2015-04-01T14:42:44.930,-,,,,,,,,,,,,,,,,,,,,,,,,,,,,,,,,,,,,,,,,,,,,,,,,,,,,,,,,,,,,,,11.00.9600.17631 (winblue_r7.150111-1500),C:\Windows\system32\urlmon.dll,,,,,,,,,,,,,,Internet Explorer,11.00.9600.17631,,,,,,,,,,,,,,,,,,,,
dll-version-info,10028,-,-,info,-,17a8,2015-04-01T14:42:44.930,-,,,,,,,,,,,,,,,,,,,,,,,,,,,,,,,,,,,,,,,,,,,,,,,,,,,,,,,,,,,,,,6.2.9200.16492 (win8_gdr_oobssr.130113-0015),C:\Windows\system32\api-ms-win-downlevel-ole32-l1-1-0.dll,,,,,,,,,,,,,,Microsoft® Windows® Operating System,6.2.9200.16492,,,,,,,,,,,,,,,,,,,,
dll-version-info,10028,-,-,info,-,17a8,2015-04-01T14:42:44.930,-,,,,,,,,,,,,,,,,,,,,,,,,,,,,,,,,,,,,,,,,,,,,,,,,,,,,,,,,,,,,,,8300.15.0308.1149,C:\Program Files\Tableau\Tableau 8.3\bin\tabdoc.dll,,,,,,,,,,,,,,Tableau 8.3,8300.15.0308.1149,,,,,,,,,,,,,,,,,,,,
dll-version-info,10028,-,-,info,-,17a8,2015-04-01T14:42:44.930,-,,,,,,,,,,,,,,,,,,,,,,,,,,,,,,,,,,,,,,,,,,,,,,,,,,,,,,,,,,,,,,3.5.4.13,C:\Program Files\Tableau\Tableau 8.3\bin\libxl.dll,,,,,,,,,,,,,,LibXL,3.5.4.13,,,,,,,,,,,,,,,,,,,,
dll-version-info,10028,-,-,info,-,17a8,2015-04-01T14:42:44.930,-,,,,,,,,,,,,,,,,,,,,,,,,,,,,,,,,,,,,,,,,,,,,,,,,,,,,,,,,,,,,,,8300.15.0308.1149,C:\Program Files\Tableau\Tableau 8.3\bin\tabrender.dll,,,,,,,,,,,,,,Tableau 8.3,8300.15.0308.1149,,,,,,,,,,,,,,,,,,,,
dll-version-info,10028,-,-,info,-,17a8,2015-04-01T14:42:44.931,-,,,,,,,,,,,,,,,,,,,,,,,,,,,,,,,,,,,,,,,,,,,,,,,,,,,,,,,,,,,,,,8300.15.0308.1149,C:\Program Files\Tableau\Tableau 8.3\bin\tabmixins.dll,,,,,,,,,,,,,,Tableau 8.3,8300.15.0308.1149,,,,,,,,,,,,,,,,,,,,
dll-version-info,10028,-,-,info,-,17a8,2015-04-01T14:42:44.931,-,,,,,,,,,,,,,,,,,,,,,,,,,,,,,,,,,,,,,,,,,,,,,,,,,,,,,,,,,,,,,,6.1.7601.17514 (win7sp1_rtm.101119-1850),C:\Windows\system32\ODBC32.dll,,,,,,,,,,,,,,Microsoft® Windows® Operating System,6.1.7601.17514,,,,,,,,,,,,,,,,,,,,
dll-version-info,10028,-,-,info,-,17a8,2015-04-01T14:42:44.931,-,,,,,,,,,,,,,,,,,,,,,,,,,,,,,,,,,,,,,,,,,,,,,,,,,,,,,,,,,,,,,,6.1.7600.16385 (win7_rtm.090713-1255),C:\Windows\system32\UxTheme.dll,,,,,,,,,,,,,,Microsoft® Windows® operációs rendszer,6.1.7600.16385,,,,,,,,,,,,,,,,,,,,
dll-version-info,10028,-,-,info,-,17a8,2015-04-01T14:42:44.931,-,,,,,,,,,,,,,,,,,,,,,,,,,,,,,,,,,,,,,,,,,,,,,,,,,,,,,,,,,,,,,,6.1.7600.16385 (win7_rtm.090713-1255),C:\Windows\system32\MPR.dll,,,,,,,,,,,,,,Microsoft® Windows® operációs rendszer,6.1.7600.16385,,,,,,,,,,,,,,,,,,,,
dll-version-info,10028,-,-,info,-,17a8,2015-04-01T14:42:44.931,-,,,,,,,,,,,,,,,,,,,,,,,,,,,,,,,,,,,,,,,,,,,,,,,,,,,,,,,,,,,,,,,C:\Program Files\Tableau\Tableau 8.3\bin\QtSolutions_MFCMigrationFramework-2.8.dll,,,,,,,,,,,,,,,,,,,,,,,,,,,,,,,,,,,
dll-version-info,10028,-,-,info,-,17a8,2015-04-01T14:42:44.931,-,,,,,,,,,,,,,,,,,,,,,,,,,,,,,,,,,,,,,,,,,,,,,,,,,,,,,,,,,,,,,,6.1.7601.17887 (win7sp1_gdr.120704-0720),C:\Windows\system32\NETAPI32.dll,,,,,,,,,,,,,,Microsoft® Windows® Operating System,6.1.7601.17887,,,,,,,,,,,,,,,,,,,,
dll-version-info,10028,-,-,info,-,17a8,2015-04-01T14:42:44.931,-,,,,,,,,,,,,,,,,,,,,,,,,,,,,,,,,,,,,,,,,,,,,,,,,,,,,,,,,,,,,,,6.1.7601.17514 (win7sp1_rtm.101119-1850),C:\Windows\system32\netutils.dll,,,,,,,,,,,,,,Microsoft® Windows® Operating System,6.1.7601.17514,,,,,,,,,,,,,,,,,,,,
dll-version-info,10028,-,-,info,-,17a8,2015-04-01T14:42:44.931,-,,,,,,,,,,,,,,,,,,,,,,,,,,,,,,,,,,,,,,,,,,,,,,,,,,,,,,,,,,,,,,6.1.7601.17514 (win7sp1_rtm.101119-1850),C:\Windows\system32\srvcli.dll,,,,,,,,,,,,,,Microsoft® Windows® Operating System,6.1.7601.17514,,,,,,,,,,,,,,,,,,,,
dll-version-info,10028,-,-,info,-,17a8,2015-04-01T14:42:44.931,-,,,,,,,,,,,,,,,,,,,,,,,,,,,,,,,,,,,,,,,,,,,,,,,,,,,,,,,,,,,,,,6.1.7601.17514 (win7sp1_rtm.101119-1850),C:\Windows\system32\wkscli.dll,,,,,,,,,,,,,,Microsoft® Windows® Operating System,6.1.7601.17514,,,,,,,,,,,,,,,,,,,,
dll-version-info,10028,-,-,info,-,17a8,2015-04-01T14:42:44.931,-,,,,,,,,,,,,,,,,,,,,,,,,,,,,,,,,,,,,,,,,,,,,,,,,,,,,,,,,,,,,,,6.1.7600.16385 (win7_rtm.090713-1255),C:\Windows\system32\IMM32.DLL,,,,,,,,,,,,,,Microsoft® Windows® Operating System,6.1.7600.16385,,,,,,,,,,,,,,,,,,,,
dll-version-info,10028,-,-,info,-,17a8,2015-04-01T14:42:44.931,-,,,,,,,,,,,,,,,,,,,,,,,,,,,,,,,,,,,,,,,,,,,,,,,,,,,,,,,,,,,,,,6.1.7600.16385 (win7_rtm.090713-1255),C:\Windows\system32\MSCTF.dll,,,,,,,,,,,,,,Microsoft® Windows® operációs rendszer,6.1.7600.16385,,,,,,,,,,,,,,,,,,,,
dll-version-info,10028,-,-,info,-,17a8,2015-04-01T14:42:44.931,-,,,,,,,,,,,,,,,,,,,,,,,,,,,,,,,,,,,,,,,,,,,,,,,,,,,,,,,,,,,,,,10.00.30319.01,C:\Program Files\Tableau\Tableau 8.3\bin\MFC100ENU.DLL,,,,,,,,,,,,,,Microsoft® Visual Studio® 10,10.00.30319.01,,,,,,,,,,,,,,,,,,,,
dll-version-info,10028,-,-,info,-,17a8,2015-04-01T14:42:44.931,-,,,,,,,,,,,,,,,,,,,,,,,,,,,,,,,,,,,,,,,,,,,,,,,,,,,,,,,,,,,,,,6.1.7600.16385 (win7_rtm.090713-1255),C:\Windows\system32\cryptbase.dll,,,,,,,,,,,,,,Microsoft® Windows® Operating System,6.1.7600.16385,,,,,,,,,,,,,,,,,,,,
dll-version-info,10028,-,-,info,-,17a8,2015-04-01T14:42:44.932,-,,,,,,,,,,,,,,,,,,,,,,,,,,,,,,,,,,,,,,,,,,,,,,,,,,,,,,,,,,,,,,6.1.7600.16385 (win7_rtm.090713-1255),C:\Windows\system32\odbcint.dll,,,,,,,,,,,,,,Microsoft® Windows® Operating System,6.1.7600.16385,,,,,,,,,,,,,,,,,,,,
dll-version-info,10028,-,-,info,-,17a8,2015-04-01T14:42:44.932,-,,,,,,,,,,,,,,,,,,,,,,,,,,,,,,,,,,,,,,,,,,,,,,,,,,,,,,,,,,,,,,,C:\Program Files\Tableau\Tableau 8.3\bin\plugins\platforms\qwindows.dll,,,,,,,,,,,,,,,,,,,,,,,,,,,,,,,,,,,
dll-version-info,10028,-,-,info,-,17a8,2015-04-01T14:42:44.932,-,,,,,,,,,,,,,,,,,,,,,,,,,,,,,,,,,,,,,,,,,,,,,,,,,,,,,,,,,,,,,,6.2.9200.16492 (win8_gdr_oobssr.130113-0015),C:\Windows\system32\DWrite.dll,,,,,,,,,,,,,,Microsoft® Windows® operációs rendszer,6.2.9200.16492,,,,,,,,,,,,,,,,,,,,
dll-version-info,10028,-,-,info,-,17a8,2015-04-01T14:42:44.932,-,,,,,,,,,,,,,,,,,,,,,,,,,,,,,,,,,,,,,,,,,,,,,,,,,,,,,,,,,,,,,,8300.15.0308.1149,C:\Program Files\Tableau\Tableau 8.3\bin\tabres.dll,,,,,,,,,,,,,,Tableau 8.3,8300.15.0308.1149,,,,,,,,,,,,,,,,,,,,
dll-version-info,10028,-,-,info,-,17a8,2015-04-01T14:42:44.932,-,,,,,,,,,,,,,,,,,,,,,,,,,,,,,,,,,,,,,,,,,,,,,,,,,,,,,,,,,,,,,,5.31.23.1230,C:\Windows\system32\RICHED20.DLL,,,,,,,,,,,,,,"Microsoft RichEdit Control, version 3.1",3.1,,,,,,,,,,,,,,,,,,,,
dll-version-info,10028,-,-,info,-,17a8,2015-04-01T14:42:44.932,-,,,,,,,,,,,,,,,,,,,,,,,,,,,,,,,,,,,,,,,,,,,,,,,,,,,,,,,,,,,,,,6.1.7601.18741 (win7sp1_gdr.150202-1526),C:\Windows\system32\CRYPTSP.dll,,,,,,,,,,,,,,Microsoft® Windows® Operating System,6.1.7601.18741,,,,,,,,,,,,,,,,,,,,
dll-version-info,10028,-,-,info,-,17a8,2015-04-01T14:42:44.932,-,,,,,,,,,,,,,,,,,,,,,,,,,,,,,,,,,,,,,,,,,,,,,,,,,,,,,,,,,,,,,,6.1.7600.16385 (win7_rtm.090713-1255),C:\Windows\system32\rsaenh.dll,,,,,,,,,,,,,,Microsoft® Windows® Operating System,6.1.7600.16385,,,,,,,,,,,,,,,,,,,,
dll-version-info,10028,-,-,info,-,17a8,2015-04-01T14:42:44.932,-,,,,,,,,,,,,,,,,,,,,,,,,,,,,,,,,,,,,,,,,,,,,,,,,,,,,,,,,,,,,,,6.1.7601.17857 (win7sp1_gdr.120605-1503),C:\Program Files\Common Files\System\Ado\msado15.dll,,,,,,,,,,,,,,Microsoft® Windows® Operating System,6.1.7601.17857,,,,,,,,,,,,,,,,,,,,
locale-info,10028,-,-,info,-,17a8,2015-04-01T14:42:44.932,-,,,,,,,,,,,,,,,,,,,,,,,,,,,,,,,,,,,,,,,,,,,,,,,,,,,,,Gregorian (localized) calendar,,,,Magyarország,Hungary,,default-user-locale,,,,,,,magyar (Magyarország),Hungarian,40e,,Y-M-D,yyyy. MMMM d.,,,,,,,,,,,,,,,,"AM=de.,Mon=H,Jan=jan.,/=.",Y-M-D,yyyy.MM.dd.,yyyy,Alapértelmezett,,,H:mm:ss,,,
locale-info,10028,-,-,info,-,17a8,2015-04-01T14:42:44.932,-,,,,,,,,,,,,,,,,,,,,,,,,,,,,,,,,,,,,,,,,,,,,,,,,,,,,,Gregorian (localized) calendar,,,,Magyarország,Hungary,,default-system-locale,,,,,,,magyar (Magyarország),Hungarian,40e,,Y-M-D,yyyy. MMMM d.,,,,,,,,,,,,,,,,"AM=de.,Mon=H,Jan=jan.,/=.",Y-M-D,yyyy.MM.dd.,yyyy,Alapértelmezett,,,H:mm:ss,,,
locale-info,10028,-,-,info,-,17a8,2015-04-01T14:42:44.932,-,,,,,,,,,,,,,,,,,,,,,,,,,,,,,,,,,,,,,,,,,,,,,,,,,,,,,Gregorian (localized) calendar,,,,Egyesült Államok,United States,,tableau-ui-locale,,,,,,,angol (Egyesült Államok),English,409,,M-D-Y,"dddd, MMMM dd, yyyy",,,,,,,,,,,,,,,,"AM=AM,Mon=Mon,Jan=Jan,/=/",M-D-Y,M/d/yyyy,yyyy,Alapértelmezett,,,h:mm:ss tt,,,
dll-version-info,10028,-,-,info,-,17a8,2015-04-01T14:42:44.932,-,,,,,,,,,,,,,,,,,,,,,,,,,,,,,,,,,,,,,,,,,,,,,,,,,,,,,,,,,,,,,,6.1.7601.17514 (win7sp1_rtm.101119-1850),C:\Windows\system32\dbghelp.dll,,,,,,,,,,,,,,Microsoft® Windows® Operating System,6.1.7601.17514,,,,,,,,,,,,,,,,,,,,
msg,10028,-,-,info,-,17a8,2015-04-01T14:42:44.933,-,Device Pixel Ratio: 1.0,,,,,,,,,,,,,,,,,,,,,,,,,,,,,,,,,,,,,,,,,,,,,,,,,,,,,,,,,,,,,,,,,,,,,,,,,,,,,,,,,,,,,,,,,,,,,,,,,
msg,10028,-,-,info,-,17a8,2015-04-01T14:42:44.995,-,Setting Client Render Mode: *Off*,,,,,,,,,,,,,,,,,,,,,,,,,,,,,,,,,,,,,,,,,,,,,,,,,,,,,,,,,,,,,,,,,,,,,,,,,,,,,,,,,,,,,,,,,,,,,,,,,
set-collation,10028,-,-,info,-,17a8,2015-04-01T14:42:45.003,-,,,,,,,,,,,,,,,,,,,,,,,,,,,,,,,,,,,,,,,,,,,,,,,,,,,,,,charset=0x0 root (LROOT),[Geographical].[Geometry (generated)],,,,,,,,,,,,,,,,,,,,,,,,,,,,,,,,,,,,,,,,,,,
msg,10028,-,-,warn,-,17a8,2015-04-01T14:42:45.135,-,ODBCProtocolImpl::GetDSNDriversImpl: Warning: Unable to enumerate DSNs and drivers.,,,,,,,,,,,,,,,,,,,,,,,,,,,,,,,,,,,,,,,,,,,,,,,,,,,,,,,,,,,,,,,,,,,,,,,,,,,,,,,,,,,,,,,,,,,,,,,,,
msg,10028,-,-,info,-,17a8,2015-04-01T14:42:47.673,-,Finished rendering sheet: $$Start Page,,,,,,,,,,,,,,,,,,,,,,,,,,,,,,,,,,,,,,,,,,,,,,,,,,,,,,,,,,,,,,,,,,,,,,,,,,,,,,,,,,,,,,,,,,,,,,,,,
command-pre,10028,-,-,info,-,17a8,2015-04-01T14:44:09.166,-,,,,,,,,,,,,,,,,,,,,,,,,,,,,,,,,,,,,,,,,,,,tabui:connect-datasource,,,,,,,,,,,,,,,,,,,,,,,,,,,,,,tabui:connect-datasource,,,,,,,,,,,,,,,,,,,,,,,,,
command-post,10028,-,-,info,-,17a8,2015-04-01T14:44:09.166,-,,,,,,,,,,,,,,,,,,,,,,,,,,,,,,,,,,,,,,,,,,,tabui:connect-datasource,,,,,,,,,,,,,,,,,,,,,,,,,,,,,,tabui:connect-datasource,,,,,,,,,,,,,,,,,,,,,,,,,
ds-connect,10028,-,-,info,-,17a8,2015-04-01T14:45:59.492,-,,,,,,,,,,,,,,,,,,,,,,,,,,,,,,,,,,,,,,,,,,,,,postgres,pydl_test,postgres.42095.615271863426,,5432,localhost,,vagrant,,,,,,,,,,,,,,,,,,,,,postgres.42095.615271863426,,,,,,,,,,,,,,,,,,,,,,,,,
msg,10028,-,-,info,-,17a8,2015-04-01T14:45:59.519,-,ExternalProtocol::LocalProtocolServer::CreateServerProcess: pid=6420,,,,,,,,,,,,,,,,,,,,,,,,,,,,,,,,,,,,,,,,,,,,,,,,,,,,,,,,,,,,,,,,,,,,,,,,,,,,,,,,,,,,,,,,,,,,,,,,,
msg,10028,-,-,warn,-,1be4,2015-04-01T14:45:59.714,-,"Server error (pid=6420): The drivers necessary to connect to this database server are not properly installed.  Visit http://www.tableausoftware.com/drivers to download driver setup files.
[Microsoft][ODBC illesztőprogram-kezelő] Az adatforrásnév nem található, és egyetlen alapértelmezett illesztőprogram sincs megadva.
",,,,,,,,,,,,,,,,,,,,,,,,,,,,,,,,,,,,,,,,,,,,,,,,,,,,,,,,,,,,,,,,,,,,,,,,,,,,,,,,,,,,,,,,,,,,,,,,,
msg,10028,-,-,warn,-,1be4,2015-04-01T14:45:59.714,-,See C:\Users\Miles\Documents\My Tableau Repository\Logs\tabprotosrv.txt for details,,,,,,,,,,,,,,,,,,,,,,,,,,,,,,,,,,,,,,,,,,,,,,,,,,,,,,,,,,,,,,,,,,,,,,,,,,,,,,,,,,,,,,,,,,,,,,,,,
msg,10028,-,-,warn,-,1be4,2015-04-01T14:45:59.714,-,"throw DataSourceException (type=NoDriver): The drivers necessary to connect to this database server are not properly installed.  Visit http://www.tableausoftware.com/drivers to download driver setup files.
[Microsoft][ODBC illesztőprogram-kezelő] Az adatforrásnév nem található, és egyetlen alapértelmezett illesztőprogram sincs megadva.
",,,,,,,,,,,,,,,,,,,,,,,,,,,,,,,,,,,,,,,,,,,,,,,,,,,,,,,,,,,,,,,,,,,,,,,,,,,,,,,,,,,,,,,,,,,,,,,,,
msg,10028,-,-,warn,-,17a8,2015-04-01T14:45:59.714,-,"throw DataSourceException (type=NoDriver): The drivers necessary to connect to this database server are not properly installed.  Visit http://www.tableausoftware.com/drivers to download driver setup files.
[Microsoft][ODBC illesztőprogram-kezelő] Az adatforrásnév nem található, és egyetlen alapértelmezett illesztőprogram sincs megadva.
",,,,,,,,,,,,,,,,,,,,,,,,,,,,,,,,,,,,,,,,,,,,,,,,,,,,,,,,,,,,,,,,,,,,,,,,,,,,,,,,,,,,,,,,,,,,,,,,,
msg,10028,-,-,info,-,17a8,2015-04-01T14:45:59.749,-,Server process exited with code 0,,,,,,,,,,,,,,,,,,,,,,,,,,,,,,,,,,,,,,,,,,,,,,,,,,,,,,,,,,,,,,,,,,,,,,,,,,,,,,,,,,,,,,,,,,,,,,,,,
destruct-protocol,10028,-,-,info,-,17a8,2015-04-01T14:45:59.749,-,,,,,,,,,,,,,,,,,,,,,,,,,,,,,,,,,,,,,,,,,,,,32,postgres,pydl_test,postgres.42095.615271863426,,5432,localhost,,vagrant,,,,,,,,,,,,,,,,,,,,,,,,,,,889d080,,,,,,,,,,,,,,,,,,,
msg,10028,-,-,warn,-,17a8,2015-04-01T14:45:59.749,-,"throw DataSourceException (type=NoDriver): The drivers necessary to connect to this database server are not properly installed.  Visit http://www.tableausoftware.com/drivers to download driver setup files.
[Microsoft][ODBC illesztőprogram-kezelő] Az adatforrásnév nem található, és egyetlen alapértelmezett illesztőprogram sincs megadva.
",,,,,,,,,,,,,,,,,,,,,,,,,,,,,,,,,,,,,,,,,,,,,,,,,,,,,,,,,,,,,,,,,,,,,,,,,,,,,,,,,,,,,,,,,,,,,,,,,
msg,10028,-,-,warn,-,17a8,2015-04-01T14:45:59.751,-,NotifyOfException::DataSourceException,,,,,,,,,,,,,,,,,,,,,,,,,,,,,,,,,,,,,,,,,,,,,,,,,,,,,,,,,,,,,,,,,,,,,,,,,,,,,,,,,,,,,,,,,,,,,,,,,
msg,10028,-,-,error,-,17a8,2015-04-01T14:45:59.752,-,Error Dialog:,,,,,,,,,,,,,,,,,,,,,,,,,,,,,,,,,,,,,,,,,,,,,,,,,,,,,,,,,,,,,,,,,,,,,,,,,,,,,,,,,,,,,,,,,,,,,,,,,
msg,10028,-,-,error,-,17a8,2015-04-01T14:45:59.752,-,"An error occurred while communicating with the PostgreSQL Database data source 'pydl_test'.
",,,,,,,,,,,,,,,,,,,,,,,,,,,,,,,,,,,,,,,,,,,,,,,,,,,,,,,,,,,,,,,,,,,,,,,,,,,,,,,,,,,,,,,,,,,,,,,,,
msg,10028,-,-,error,-,17a8,2015-04-01T14:45:59.752,-,"    The drivers necessary to connect to this database server are not properly installed.  Visit http://www.tableausoftware.com/drivers to download driver setup files.
[Microsoft][ODBC illesztőprogram-kezelő] Az adatforrásnév nem található, és egyetlen alapértelmezett illesztőprogram sincs megadva.
",,,,,,,,,,,,,,,,,,,,,,,,,,,,,,,,,,,,,,,,,,,,,,,,,,,,,,,,,,,,,,,,,,,,,,,,,,,,,,,,,,,,,,,,,,,,,,,,,
msg,10028,-,-,error,-,17a8,2015-04-01T14:45:59.752,-,"    Unable to connect to the server ""localhost"". Check that the server is running and that you have access privileges to the requested database.",,,,,,,,,,,,,,,,,,,,,,,,,,,,,,,,,,,,,,,,,,,,,,,,,,,,,,,,,,,,,,,,,,,,,,,,,,,,,,,,,,,,,,,,,,,,,,,,,
msg,10028,-,-,error,-,17a8,2015-04-01T14:45:59.752,-,    Unable to connect to the server. Check that the server is running and that you have access privileges to the requested database.,,,,,,,,,,,,,,,,,,,,,,,,,,,,,,,,,,,,,,,,,,,,,,,,,,,,,,,,,,,,,,,,,,,,,,,,,,,,,,,,,,,,,,,,,,,,,,,,,
close-log,10028,-,-,info,-,17a8,2015-04-01T14:47:02.615,-,,,,,,,,,,,,,,,,,,,,,,,,,,,,,,,,,,,,,,,,,,,,,,,,,,,,,,,,,,,,,,,,,,,,,,,,,,,C:\Users\Miles\Documents\My Tableau Repository\Logs\log_1.txt,,,,,,,,,,,,,,,,,,,,,,,
